{"cameraMode":{"drawMode":0,"name":"Shaded","section":"Shading Mode"},"sceneLighting":false,"audioPlay":false,"sceneViewState":{"showFog":true,"showMaterialUpdate":false,"showSkybox":false,"showFlares":true,"showImageEffects":true,"showParticleSystems":true},"in2DMode":false,"pivot":{"x":0.08435986191034317,"y":1.212242841720581,"z":0.6785862445831299},"rotation":{"x":0.0016504391096532345,"y":0.9957579970359802,"z":-0.09017180651426316,"w":0.018225237727165223},"size":1.259401798248291,"orthographic":false}