{"cameraMode":{"drawMode":0,"name":"Shaded","section":"Shading Mode"},"sceneLighting":false,"audioPlay":false,"sceneViewState":{"showFog":true,"showMaterialUpdate":false,"showSkybox":false,"showFlares":true,"showImageEffects":true,"showParticleSystems":true},"in2DMode":false,"pivot":{"x":0.03307068720459938,"y":0.1650071144104004,"z":0.05602669715881348},"rotation":{"x":-0.0009358131792396307,"y":-0.9848359227180481,"z":0.17342694103717805,"w":-0.005310135427862406},"size":0.8897365927696228,"orthographic":false}