{"cameraMode":{"drawMode":0,"name":"Shaded","section":"Shading Mode"},"sceneLighting":false,"audioPlay":false,"sceneViewState":{"showFog":true,"showMaterialUpdate":false,"showSkybox":false,"showFlares":true,"showImageEffects":true,"showParticleSystems":true},"in2DMode":false,"pivot":{"x":-2.3981893062591554,"y":0.7068044543266296,"z":3.0414557456970217},"rotation":{"x":0.05079881474375725,"y":0.949011504650116,"z":-0.21003584563732148,"w":0.22952553629875184},"size":1.3331124782562256,"orthographic":false}