{"cameraMode":{"drawMode":0,"name":"Shaded","section":"Shading Mode"},"sceneLighting":false,"audioPlay":false,"sceneViewState":{"showFog":true,"showMaterialUpdate":false,"showSkybox":false,"showFlares":true,"showImageEffects":true,"showParticleSystems":true},"in2DMode":false,"pivot":{"x":1.0227546691894532,"y":0.6974015831947327,"z":0.01890404522418976},"rotation":{"x":-0.06954339146614075,"y":-0.7191708087921143,"z":0.0727464035153389,"w":-0.6875077486038208},"size":3.7904436588287355,"orthographic":false}