{"cameraMode":{"drawMode":0,"name":"Shaded","section":"Shading Mode"},"sceneLighting":false,"audioPlay":false,"sceneViewState":{"showFog":true,"showMaterialUpdate":false,"showSkybox":false,"showFlares":true,"showImageEffects":true,"showParticleSystems":true},"in2DMode":false,"pivot":{"x":-24.676210403442384,"y":2.9170725345611574,"z":2.9531819820404054},"rotation":{"x":0.141118586063385,"y":0.7165943384170532,"z":-0.15184521675109864,"w":0.6659730672836304},"size":0.7184674143791199,"orthographic":false}