{"cameraMode":{"drawMode":0,"name":"Shaded","section":"Shading Mode"},"sceneLighting":false,"audioPlay":false,"sceneViewState":{"showFog":true,"showMaterialUpdate":false,"showSkybox":false,"showFlares":true,"showImageEffects":true,"showParticleSystems":true},"in2DMode":false,"pivot":{"x":-12.380000114440918,"y":0.9656925201416016,"z":2.273071050643921},"rotation":{"x":0.141118586063385,"y":0.7165943384170532,"z":-0.15184521675109864,"w":0.6659730672836304},"size":7.254075527191162,"orthographic":false}