{"cameraMode":{"drawMode":0,"name":"Shaded","section":"Shading Mode"},"sceneLighting":false,"audioPlay":false,"sceneViewState":{"showFog":true,"showMaterialUpdate":false,"showSkybox":false,"showFlares":true,"showImageEffects":true,"showParticleSystems":true},"in2DMode":false,"pivot":{"x":8.343660354614258,"y":0.42395734786987307,"z":-5.850898265838623},"rotation":{"x":-0.056747958064079288,"y":-0.9389875531196594,"z":0.281546026468277,"w":-0.18925955891609193},"size":7.188877105712891,"orthographic":false}