{"cameraMode":{"drawMode":0,"name":"Shaded","section":"Shading Mode"},"sceneLighting":false,"audioPlay":false,"sceneViewState":{"showFog":true,"showMaterialUpdate":false,"showSkybox":false,"showFlares":true,"showImageEffects":true,"showParticleSystems":true},"in2DMode":false,"pivot":{"x":7.307192325592041,"y":1.448644995689392,"z":-2.5049448013305666},"rotation":{"x":-0.026185013353824617,"y":-0.8990761041641235,"z":0.05428863316774368,"w":-0.43362951278686526},"size":5.385962009429932,"orthographic":false}