{"cameraMode":{"drawMode":0,"name":"Shaded","section":"Shading Mode"},"sceneLighting":false,"audioPlay":false,"sceneViewState":{"showFog":true,"showMaterialUpdate":false,"showSkybox":false,"showFlares":true,"showImageEffects":true,"showParticleSystems":true},"in2DMode":false,"pivot":{"x":6.349999904632568,"y":1.401893973350525,"z":-4.809940814971924},"rotation":{"x":-0.03466300666332245,"y":-0.8751040101051331,"z":0.06338877230882645,"w":-0.4785173237323761},"size":5.53281831741333,"orthographic":false}