{"cameraMode":{"drawMode":0,"name":"Shaded","section":"Shading Mode"},"sceneLighting":false,"audioPlay":false,"sceneViewState":{"showFog":true,"showMaterialUpdate":false,"showSkybox":false,"showFlares":true,"showImageEffects":true,"showParticleSystems":true},"in2DMode":false,"pivot":{"x":-0.004987314343452454,"y":0.05714019760489464,"z":0.011867538094520569},"rotation":{"x":-0.05399155616760254,"y":0.9325278401374817,"z":-0.15701353549957276,"w":-0.32066386938095095},"size":1.015769362449646,"orthographic":false}