{"cameraMode":{"drawMode":0,"name":"Shaded","section":"Shading Mode"},"sceneLighting":false,"audioPlay":false,"sceneViewState":{"showFog":true,"showMaterialUpdate":false,"showSkybox":false,"showFlares":true,"showImageEffects":true,"showParticleSystems":true},"in2DMode":false,"pivot":{"x":0.10658513009548187,"y":2.1229918003082277,"z":1.8588342666625977},"rotation":{"x":-0.6062192916870117,"y":-0.004297330044209957,"z":0.0032755029387772085,"w":-0.7952786087989807},"size":3.6731925010681154,"orthographic":false}