{"cameraMode":{"drawMode":0,"name":"Shaded","section":"Shading Mode"},"sceneLighting":false,"audioPlay":false,"sceneViewState":{"showFog":true,"showMaterialUpdate":false,"showSkybox":false,"showFlares":true,"showImageEffects":true,"showParticleSystems":true},"in2DMode":false,"pivot":{"x":-0.05789923667907715,"y":0.8270636796951294,"z":0.5758235454559326},"rotation":{"x":-0.05399155616760254,"y":0.9325278401374817,"z":-0.15701353549957276,"w":-0.32066386938095095},"size":1.0335853099822999,"orthographic":false}